Surface_Area ($m^2/g$),Defect_Ratio,Doped_Nitrogen_Percentage,Doped_Oxygen_Percentage,Doped_Sulfur_Percentage,Current_Density ($A/g$),Capacitance ($\mu F / cm^2$),Electrolyte_Concentration $[M]$,H9_Factor ($mL/g$),T5_Factor ($mL/g$),Doped_Zinc_Percentage,Doped_Flourine_Percentage,Doped_Carbon_Percentage
96.78,1.3,0.9333333333333332,19.69,0.8433333333333333,6.0,173.0,6.0,11.188889579679048,33.753753041701785,80.54209473523538,46.933213019169365,50.19910536470221
531.9,1.28,7.7,13.7,8.3,5.0,298.5,6.0,54.206535560143045,25.72198361376607,36.50612305055365,44.773787155953826,19.238603924187153
438.7,1.27,5.03,4.76,3.7099999999999995,2.0,404.0,2.0,46.425493659595695,11.422661490981268,45.9273004200313,59.097543859579574,67.53798800414168
149.32,1.02,1.24,15.45,3.03,0.3,299.7,6.0,16.322920318917173,9.179249612040117,69.49587170769867,35.12431262187579,62.49431218276397
1484.0,0.84,5.74,6.993333333333333,0.3866666666666667,5.0,250.0,1.0,152.86477218715163,29.174518758799653,61.36515972653089,50.94272392860961,77.98007247453097
373.0,1.32,6.36,15.91,2.01,0.2,254.0,6.0,39.28472180971014,2.487012942238503,56.10946957978497,31.81630441293259,39.26953461265419
396.0,1.03,2.4,16.0,3.7099999999999995,2.0,120.0,6.0,41.206670742452296,13.542340369274623,71.42746963340983,50.77080421408882,37.68572799153073
530.0,1.28,5.133333333333334,16.2,8.3,0.2,228.0,6.0,53.81382622317509,6.778290631355855,72.63899650739916,46.59072097151126,52.0470264678614
678.73,1.05,2.97,8.21,26.56,1.0,191.72,6.0,68.87094958621566,9.01447790221923,67.75364016984703,34.423868620505885,47.690121736116765
1919.1,1.96,5.05,3.24,0.64,10.0,190.0,6.0,193.24328415951535,54.06208501395612,68.55921306830126,47.834148066291114,21.695666344796688
1109.0,1.43,4.2,22.1,1.3,3.0,323.0,6.0,114.1432590675737,16.633120466422636,45.75120151655318,60.31622269612797,37.33016110550778
282.3,1.06,1.26,10.01,1.16,20.0,212.0,6.0,31.10569809631138,104.04983572729176,48.25034943022378,75.08264562565468,43.39815056787199
361.1,1.0,0.3,14.2,2.39,5.0,234.0,6.0,36.47572635226714,25.93471379621574,52.26410538697323,69.42496632561152,27.2457301047452
726.4,1.69,4.05,18.8,1.3,20.0,147.0,6.0,74.92787378693772,99.67680341777087,57.05156425265181,39.31424548199359,53.30762899597285
1122.5,0.85,4.2,5.7,1.3,2.0,225.0,6.0,115.95310697615861,12.55148213149672,62.17973226934827,40.9551800296068,48.21996596430649
305.2,0.99,0.9,13.7,0.3,3.0,275.0,6.0,32.97727155430041,16.92173472649402,66.46863250379175,72.74896204436187,33.907057238529404
39.05,1.02,4.16,9.39,2.2100000000000004,2.0,225.0,6.0,5.790418982687882,8.976239361510583,29.853941603894697,63.108445121371346,27.816378862784912
353.1,0.46,1.1,7.23,2.39,5.0,125.0,6.0,39.31056913098378,28.87109231859131,54.222454364665346,36.11573579143588,43.81786287618992
85.0,1.0,3.08,9.26,1.43,4.0,80.5,6.0,11.537847176540781,24.881835229150226,53.214109423519346,55.523316397236876,43.84460067800251
166.0,1.0,8.2,21.88,2.5333333333333337,5.0,153.06,6.0,20.89986807336127,28.429931181252186,43.39276366303342,57.05725638426381,40.50696582921237
244.0,1.04,1.32,3.68,3.2000000000000006,0.5,350.0,1.0,26.538242472475137,6.078241010557624,40.79198030676845,28.895314564907693,42.713373618702114
2005.0,0.85,5.05,4.02,3.89,10.0,265.0,6.0,202.26767120180895,53.39593457988993,51.47839027248365,65.76235200586359,41.49149467588165
187.0,1.47,1.64,10.1,0.74,1.0,199.0,6.0,21.99642788805523,8.617502483673226,68.76097521795165,52.764917483358666,10.585985705192995
180.71,1.31,8.08,18.18,2.2,2.0,160.0,6.0,20.53449780579563,13.786125867960184,42.87146000572868,52.47061802297166,56.44502490100481
710.0,0.98,1.1,15.1,1.3,1.0,196.0,6.0,71.68408249926082,8.479165519712783,83.80132235741195,56.94149954730658,14.661301464555164
1630.9,1.93,6.283333333333334,6.35,2.37,1.0,167.0,6.0,163.01954296285686,5.657679077099839,38.63063830183694,76.35435156331009,50.06011044579231
187.0,1.47,1.64,10.1,0.74,2.0,199.0,6.0,19.156953611193696,10.258480034913878,100.0,43.9130580310539,39.471132540418566
244.0,1.04,1.32,3.68,3.2000000000000006,10.0,110.0,1.0,23.080653655896718,52.15537035174946,38.727161440348695,77.30570783383867,39.525120824471415
257.8,1.08,1.52,8.75,1.91,5.0,227.0,6.0,27.691217866088724,27.655598414606235,51.10355023938917,24.592549455076913,36.35055829881644
193.5,1.05,6.586666666666666,11.89,0.20000000000000004,15.0,173.0,1.0,22.81870217883059,79.54134610892669,24.72457384107541,62.031421637363536,34.74721016660733
71.5,1.3,1.8333333333333333,21.13,1.43,2.0,212.5,6.0,8.526545874136996,11.108768408887418,62.299676388740224,66.61484756553834,23.301193200125365
173.0,0.92,8.2,20.4,1.2,5.0,93.0,1.0,20.888719230485624,25.79418757408926,73.40121737586352,39.910955677543406,49.18100617459158
244.0,1.04,1.32,3.68,3.2000000000000006,3.0,165.0,1.0,24.108064887049824,18.188384600620292,81.21080568191091,56.31489556164036,47.26619862899143
2005.0,0.85,5.05,4.02,3.89,0.5,315.0,6.0,201.8667255028534,3.9107273578570023,43.57517713167102,37.325848693715365,36.306723070177306
95.9,1.08,0.92,19.69,0.82,0.5,164.4,6.0,12.539119055519123,5.291313017010615,20.520645165993418,38.17659719213709,29.225799730832254
196.8,1.02,7.71,16.01,0.20000000000000004,5.0,238.17,6.0,20.864019094615525,30.031330563084204,55.6894111167916,59.9330778373269,34.650388225398544
238.0,0.96,8.7,11.2,0.3,5.0,103.0,1.0,23.96213888423272,31.699182493359274,43.55794585812319,63.190075270855935,78.21772764782867
678.73,1.05,2.97,8.21,26.56,10.0,159.18,6.0,68.1445825671944,53.48888691192327,54.263987907995315,73.78375401237147,77.02830451254603
726.4,1.69,4.05,18.8,1.3,50.0,142.0,6.0,73.10750100901393,253.8963905688466,59.64525523890628,73.30514113281394,31.495454942904765
830.0,0.97,8.4,9.2,1.3,3.0,205.0,6.0,84.51192546019617,19.734553257616856,39.257020090811785,59.54724660624144,42.68897368253309
109.07,1.21,5.32,8.76,0.8433333333333333,2.0,330.0,6.0,12.873508582865224,12.653072205854242,69.83663370478666,28.883531211193624,29.475915126151214
407.0,0.77,2.46,6.85,3.7099999999999995,2.0,150.0,6.0,43.01493896944905,15.529966659712512,54.55365270999311,42.27415692632345,26.652245257241628
438.7,1.27,5.03,4.76,3.7099999999999995,1.0,436.0,1.0,47.49516935673948,9.872891451662232,75.82629636859328,51.721245542231856,59.29473928100173
412.3,1.15,10.1,9.6,3.7099999999999995,1.0,290.0,6.0,41.97551051716889,10.595650533947172,41.43223166548702,43.29242888124163,17.637632075302196
537.0,1.28,5.133333333333334,21.6,8.3,2.0,338.0,6.0,52.914164124843424,14.72703931676263,52.58959966061512,41.28007549323711,33.92659959346374
215.0,1.26,1.39,10.47,0.6999999999999998,20.0,36.0,6.0,22.059804276227176,102.30750110470538,38.430771196888365,43.82130749272674,60.054595933852084
361.1,1.0,0.3,14.2,2.39,10.0,220.0,6.0,39.381797152565,52.12650332508399,47.044866489093565,24.961822464574023,34.18360857442056
282.3,1.06,1.26,10.01,1.16,5.0,246.0,6.0,26.292571360537604,27.384617445265995,56.52028545074609,59.630421893705346,42.78405201587667
1013.0,1.41,1.7,21.0,1.1,10.0,103.0,6.0,102.85684409144845,49.916825200656426,51.1517090031367,68.46313605359018,31.248640975409682
2276.6,0.85,5.05,6.8,0.23,10.0,246.88,6.0,230.11106535674134,51.625401925686674,39.01738816555355,63.45608157850008,48.24851643620585
2095.0,0.41,5.05,8.94,0.23,3.0,424.8,1.0,212.55088689856487,20.741978012582244,84.62712264209499,44.76776404676758,39.31829799877597
471.05,1.78,5.8500000000000005,28.41,3.7099999999999995,0.3,160.0,0.25,52.12168051931563,2.8998350478307975,88.7492859336003,66.8788108566604,25.115053248589685
178.6,1.04,8.08,13.36,1.2,1.0,211.68,6.0,17.49928871702345,11.126809490057859,56.615082482586764,63.609269952660085,42.396635082413944
676.0,1.02,2.97,8.21,26.56,10.0,350.0,6.0,69.13495968341248,53.02446396727763,46.49473050039662,64.0217081053274,38.606135860518414
502.0,0.54,4.96,14.02,8.3,0.2,238.0,6.0,50.605055625598155,3.6755631048466184,28.718975737454407,71.77915802956416,49.27396294272283
1824.6,0.85,5.483333333333333,7.1,1.13,0.5,231.25,6.0,184.92742113854538,6.073808976006693,15.498297348248885,23.050598959231717,44.600560642826316
109.07,1.21,5.32,8.76,0.8433333333333333,5.0,292.0,6.0,12.272211785043815,30.075171334101267,27.27087979901026,18.294458350876855,37.67047910624859
238.0,0.99,1.6,10.7,0.3,10.0,151.0,6.0,26.86919728914639,51.664559427281205,62.32791447975934,29.556378945005463,33.12680025544997
149.32,1.02,1.24,15.45,3.03,10.0,242.0,6.0,18.6306157089644,52.48285473664646,53.54249829603493,89.35659807524733,29.608734110342958
1335.0,1.13,1.6,4.62,0.37,8.0,78.0,6.0,137.5454460995895,43.09413218931699,77.77489044739552,60.902291096562166,24.642606465617966
437.9,1.72,5.47,4.76,3.7099999999999995,10.0,126.0,6.0,43.00511361094159,52.09739392579495,71.09371815704904,26.19827811802416,57.93889940957572
471.05,1.78,5.8500000000000005,28.41,3.7099999999999995,2.0,124.0,0.25,47.43840805122967,11.533374384832669,52.33422551702894,31.395758682525134,57.58237274785181
39.05,1.02,4.16,9.39,2.2100000000000004,3.0,220.0,6.0,7.686619819339583,19.17940721114945,38.60249415030177,60.18045325728422,49.095392442345684
180.71,1.31,8.08,18.18,2.2,4.0,155.7,6.0,19.991775833574756,21.122036854644428,56.419030218157566,76.11343186313601,50.177276286990605
571.0,1.28,9.5,11.81,8.3,1.0,239.0,6.0,59.55514271806074,4.8346287163944215,45.26850200470192,44.90760884686536,24.201650756085904
966.0,1.06,1.62,5.96,0.48,5.0,119.0,6.0,97.77409728470953,28.92162895429766,24.052600398458797,27.421911925164707,42.283360981418724
305.2,0.99,0.9,13.7,0.3,5.0,262.0,6.0,31.733025896551954,26.500619310594207,52.136992960418844,83.21411739931591,55.02015082926849
2095.0,0.41,5.05,8.94,0.23,6.0,420.0,1.0,211.98377441553555,31.98031351572304,60.4606214641889,74.41405191197516,53.0403539504961
1066.9,0.85,2.6,6.7,1.1,0.5,212.5,6.0,112.32963193598142,3.064122976813698,61.67200892880921,37.78842839860934,42.87190442364175
274.44,1.76,1.66,12.91,2.8033333333333332,4.0,225.0,0.25,30.552891096771855,23.696338470483617,57.11289689020753,43.72339214274406,44.067344573684856
388.0,1.0600000000000003,4.44,5.51,2.01,3.0,325.0,1.0,40.444399694659054,20.77052309344446,45.712424159214706,38.83601967530176,42.5631911893608
530.0,1.28,5.133333333333334,16.2,8.3,5.0,175.0,6.0,54.8536563336294,27.710866366132528,50.125624444454836,35.58992342217495,39.122834121235165
530.0,1.28,5.133333333333334,16.2,8.3,10.0,162.0,6.0,55.35794747570189,55.129170272255706,38.29062016517409,44.543323728704365,29.736269651168858
274.44,1.76,1.66,12.91,2.8033333333333332,0.5,332.0,0.25,25.42706993997821,6.854924338692824,22.94626026862926,60.09580517782296,17.928873712320936
215.0,1.26,1.39,10.47,0.6999999999999998,1.0,50.5,6.0,24.459635843266305,8.661153512548747,63.386855936050495,60.80357677790869,22.051271202588023
287.0,1.32,8.45,2.36,1.2633333333333334,20.0,110.0,6.0,32.55879777215371,103.4511633271376,57.016953017368,38.69743304204042,23.147495550030207
649.0,1.02,4.12,8.21,26.56,3.0,170.0,6.0,65.77688550373924,18.149172813087105,82.0276605196873,46.8230156294373,59.332411367105344
544.0,1.28,8.47,11.77,8.3,1.0,250.0,6.0,56.58376534496937,9.921114448914457,77.8228274574528,44.68485398809701,70.5786774282151
180.71,1.31,8.08,18.18,2.2,20.0,126.3,6.0,18.883309328336075,101.81719466438378,27.280029648598198,74.55219521065771,64.65693737371637
1639.0,1.93,6.25,6.349999999999999,0.87,25.0,114.0,6.0,165.78897823154776,127.1839705819202,61.34829055131007,57.868142502071194,40.26460583493343
444.5,0.84,2.39,4.76,3.7099999999999995,10.0,162.5,6.0,44.672361408286335,51.979414520732746,37.56917260895826,77.59286184284129,14.009408743682478
238.0,0.99,1.6,10.7,0.3,5.0,164.0,6.0,26.891895596083895,26.817633792471142,63.96334599960425,25.80110533581809,42.406937827224866
1866.0,2.01,5.483333333333333,7.099999999999999,0.97,2.5,118.8,6.0,188.6059678370813,16.573193041133646,51.022217103475306,83.13328528500068,30.5549830477485
438.7,1.27,5.03,4.76,3.7099999999999995,20.0,218.0,1.0,45.12223457954023,101.5901572949851,66.40795555894691,35.39493713968443,63.72502694654505
1630.9,1.93,6.283333333333334,6.35,2.37,25.0,155.0,6.0,164.18817583103606,124.8999716212837,55.15358952817558,47.865034484879466,43.103378130411656
274.44,1.76,1.66,12.91,2.8033333333333332,0.7,320.0,0.25,25.835390058300362,4.74167874232985,65.08598150395824,44.62116515207249,22.883591151256393
261.0,0.92,1.5,14.03,3.47,3.0,320.0,3.0,29.062506312681993,17.167001835126616,66.49413092474724,55.4141714896223,34.448004893172445
1066.9,0.85,2.6,6.7,1.1,20.0,190.63,6.0,111.12903815485043,106.10448636009713,86.63926799071812,64.49662410403049,52.07719041177175
1484.0,0.84,5.74,6.993333333333333,0.3866666666666667,10.0,175.0,1.0,153.44533844063986,51.98928336547118,36.562026526129415,72.5546735612461,61.3508851748148
1335.0,1.13,1.6,4.62,0.37,3.0,100.0,6.0,137.43514210749714,14.002721048833255,49.30904518196746,74.66022341431417,20.157137887746615
830.0,0.97,8.4,9.2,1.3,0.2,223.0,6.0,86.30649194316346,4.0612036486770355,58.72652780080855,59.85254012300878,3.551918916071456
106.3,1.01,5.32,12.88,0.8433333333333333,10.0,127.0,1.0,12.144031865286223,54.66530147892896,42.47473633336995,58.34412672645794,60.654762757334886
337.0,1.09,8.2,10.9,2.66,1.0,235.0,6.0,36.13077453658591,8.96223025277767,32.79224308214632,27.951241975404855,45.12753318817285
1036.0,1.38,2.6,24.2,1.1,10.0,130.0,6.0,107.3107693443475,55.65812569307936,55.47410422133859,33.379157769732196,58.85941342288101
1919.1,1.96,5.05,3.24,0.64,5.0,195.0,6.0,194.44207845074646,27.61431634291207,84.50522668004484,65.7384966648971,51.302384748441376
259.5,1.25,4.88,6.79,2.08,1.0,112.0,6.0,27.16621571729678,9.193812962495908,67.65610886840862,19.408020086382475,65.22690736371766
284.8,1.27,10.28,27.56,3.86,1.0,154.0,6.0,31.031695493977914,7.87672389565557,90.70600925031216,43.95056035942701,59.385327108938746
308.8,1.01,1.46,11.94,1.14,5.0,308.0,6.0,31.975782570456843,24.417344903917634,36.04605872085891,41.56890112856001,33.1970628562358
438.7,1.27,5.03,4.76,3.7099999999999995,1.0,481.0,2.0,47.078239730431285,5.578914011753296,40.233173422806686,71.39640164233812,42.51064563597499
187.0,1.47,1.64,10.1,0.74,10.0,154.0,6.0,21.158597314679138,55.162752068916376,35.16651035951091,79.84999729910946,56.94240220321978
1866.0,2.01,5.483333333333333,7.099999999999999,0.97,10.0,106.5,6.0,187.0859506759487,54.50389317535439,62.25247762258998,78.89585902560181,38.985739504607146
322.4,1.03,6.400000000000001,13.4,0.1,2.0,222.0,6.0,34.952388096167155,11.92945967093431,62.7496547014056,60.993613787911215,59.22605979840958
178.6,1.04,8.08,13.36,1.2,10.0,171.53,6.0,20.457222689115653,51.4157699588697,86.8927876601453,62.35400736509884,40.35618689158376
227.05,1.21,8.7,15.24,0.3,2.0,62.0,6.0,22.026576096502488,14.734814822709836,50.33905149960446,52.6454132394407,55.721423496739035
396.0,1.03,2.4,16.0,3.7099999999999995,10.0,65.0,6.0,37.514110865360024,53.9444943001757,74.91973361690386,46.00227664146206,43.02937608352212
215.0,1.26,1.39,10.47,0.6999999999999998,4.0,39.5,6.0,25.075101026814952,19.995206861236575,48.256679172031276,44.422448009645606,48.015701559713705
252.0,1.51,1.96,13.22,0.97,0.5,251.0,6.0,25.752603932304623,5.055045979514159,48.550256947654646,49.39231710716061,53.55774758270298
129.2,1.33,4.25,11.2,2.69,1.0,315.0,1.0,13.705961327653323,11.643830195720811,34.13350676359441,47.81271375263494,58.105727611937546
537.0,1.28,5.133333333333334,21.6,8.3,1.0,367.0,6.0,56.457479286539076,8.492295577369688,66.11382799168453,69.25176591794833,39.33661078487627
39.05,1.02,4.16,9.39,2.2100000000000004,4.0,220.0,6.0,3.059293847777597,21.20726055489564,39.123275945250995,59.77138485924139,40.33271902315961
191.8,1.06,7.59,16.04,2.2,5.0,194.24,6.0,22.50482790919185,28.194438464005835,35.916977232602726,68.32020118158592,42.61168693713836
252.0,1.51,1.96,13.22,0.97,10.0,225.0,6.0,25.057711113323958,55.652923284731386,53.000092796413675,73.10737736584304,73.69357364259086
851.3,1.99,6.46,9.2,0.48,10.0,95.0,6.0,87.35364994241975,54.64281187404962,66.41795892233138,53.16957446777207,31.537429138303022
187.0,1.09,7.59,19.27,2.2,2.0,158.0,6.0,22.32176409897401,12.268897820027926,63.7524115565921,37.308280437672735,46.30976724939305
260.0,0.92,1.5,14.39,3.47,0.2,203.0,6.0,26.75544726376356,7.549317121946666,37.980857906095295,58.14059048557537,100.0
2095.0,0.41,5.05,8.94,0.23,30.0,347.5,1.0,212.60682732278696,154.9942359615835,65.03845034956085,52.26035330687799,51.26275145638547
106.3,1.01,5.32,12.88,0.8433333333333333,2.0,150.0,1.0,10.908139519400168,15.852317504038533,85.52955199012925,45.364731530815,43.48388115362477
147.31,0.97,1.1,15.36,3.03,0.5,215.0,6.0,17.41308383177128,5.194451152909183,47.59542505846809,26.909299960130237,55.37828525556023
274.44,1.76,1.66,12.91,2.8033333333333332,5.0,206.0,0.25,30.01710892301527,25.790766804947058,37.971993975736716,60.64740430427651,24.359713243363416
2276.6,0.85,5.05,6.8,0.23,0.5,287.5,6.0,231.3201326262884,5.8666783985152025,65.67253266758554,60.718041822432696,57.46561184685245
444.5,0.84,2.51,4.76,3.7099999999999995,1.0,160.0,6.0,44.934314892328764,4.7963279020549265,62.78337348844201,70.03263462331927,49.96180110113993
1569.0,0.84,6.25,6.8933333333333335,0.87,5.0,276.0,1.0,158.74199494357293,32.994400783174015,80.96443958579647,46.03187798435925,33.531000227800234
410.2,1.03,2.19,9.14,3.71,1.0,399.0,6.0,41.37179702138335,4.7351533958640335,66.31298126906809,0.0,50.274398323731816
85.0,1.0,3.08,9.26,1.43,1.0,95.0,6.0,8.537573059872972,9.571607653662346,32.51099689771255,53.87948905144086,43.10212091028205
1630.9,1.93,6.283333333333334,6.35,2.37,5.0,158.0,6.0,164.95524858263548,24.938393005201014,35.03406133267392,44.40035651961079,39.78290686975334
354.0,0.6433333333333333,13.4,9.4,2.39,10.0,214.0,6.0,37.79747683259617,51.12423953769709,25.4856690740175,41.68384712090111,49.263195738834256
649.0,1.02,4.12,8.21,26.56,4.0,166.0,6.0,65.9476753333747,20.84580186119201,27.805432580532404,76.31167017480024,48.24337123485579
1639.0,1.93,6.25,6.349999999999999,0.87,5.0,119.0,6.0,165.73185330030338,28.17190394686877,35.864168894296775,42.48742050965921,51.33343244623291
238.0,0.99,1.6,10.7,0.3,0.5,303.0,6.0,27.913791924154587,5.545919511215903,73.94140766153896,61.20501797646537,36.24423540995756
278.5,0.38,3.106666666666667,3.04,1.16,10.0,84.0,6.0,31.38133688709689,53.60397842071511,58.180982584816874,54.956654259656446,38.6184672712809
147.31,0.97,1.1,15.36,3.03,1.0,210.0,6.0,14.898209722397029,5.4026265556738196,68.92877144499334,37.085867710335606,27.83968725567166
196.8,1.02,7.71,16.01,0.20000000000000004,20.0,209.92,6.0,21.48441949348599,105.23461063107332,56.38054473721393,56.30401026751682,63.16747887857103
196.8,1.02,7.71,16.01,0.20000000000000004,2.0,259.54,6.0,23.04888588643851,13.448504441931364,37.45694281206021,46.23915752558231,55.12480529149112
1036.0,1.38,2.6,24.2,1.1,2.0,220.0,6.0,103.79011995077957,11.956840644013253,50.916997782842095,49.6929585523854,26.91113891282931
252.0,1.51,1.96,13.22,0.97,1.0,248.0,6.0,24.76595406690742,6.282160184384657,48.418156084644835,74.7201599243918,31.689273189662956
252.0,1.51,1.96,13.22,0.97,5.0,230.0,6.0,27.75656906866081,24.411541457020558,50.7540805819486,59.90241981304231,41.16354529369891
593.0,1.02,10.09,13.86,8.3,1.0,269.0,6.0,62.28968012612326,6.443632957087756,60.64362315723647,13.282992781473927,41.832765924637606
71.5,1.3,1.8333333333333333,21.13,1.43,8.0,188.5,6.0,6.4205947140624815,43.90497818527929,69.80180871851636,49.19272381870897,67.6714854346187
215.0,1.26,1.39,10.47,0.6999999999999998,6.0,39.0,6.0,21.51376126946952,29.444666090532586,46.63402314395982,61.0260791003235,58.91012465364621
1919.1,1.96,5.05,3.24,0.64,25.0,179.0,6.0,192.87263282431508,128.59795491223804,59.8243814421391,62.44935806405346,45.75775079310479
227.05,1.21,8.7,15.24,0.3,8.0,53.0,6.0,22.170702479550936,47.23358204296735,45.69112565066234,45.95097716977069,60.670997074238635
2276.6,0.85,5.05,6.8,0.23,20.0,237.5,6.0,232.07641026044448,102.76505090716378,57.543963838577405,47.44392429040103,53.68687555001134
248.8,1.04,2.52,9.36,3.2,1.0,302.0,6.0,27.075326862077787,5.317006548833914,87.07579813108363,71.2951025446667,45.885139942736366
175.9,1.14,9.69,6.36,1.2,10.0,294.6,6.0,19.85543940706866,52.82324895360169,91.37168322070049,49.567298192699845,39.38208134051906
2095.0,0.41,5.05,8.94,0.23,8.0,377.6,1.0,213.4962683621389,43.64973923159237,56.162796213409194,76.14414456362938,42.94545021898576
678.73,1.05,2.97,8.21,26.56,25.0,144.62,6.0,71.08787946610391,130.80268966258393,24.460409458358324,59.82304836216501,37.36534341753553
438.7,1.27,5.03,4.76,3.7099999999999995,5.0,336.0,2.0,43.42263447058417,30.18927674942418,51.710834612123065,45.638423515383444,24.826003344317144
1013.0,1.41,1.7,21.0,1.1,20.0,95.0,6.0,99.98497329832776,108.1888491755363,53.317752634576635,43.31236192519932,59.638244294944414
131.3,1.24,8.48,32.32,4.59,5.0,132.0,6.0,13.840056266258715,28.56862903799589,74.08505535952213,79.90317150196361,48.452494248923514
2005.0,0.85,5.05,4.02,3.89,20.0,260.0,6.0,202.81924801334463,105.16387043695453,29.906224955728337,38.16156161237606,58.003089201727406
1385.6,0.85,1.6000000000000003,6.5,0.36999999999999994,20.0,218.75,6.0,139.68175246939035,101.00757471925787,88.42153971361957,79.91607499173301,33.2666880354225
1036.0,1.38,2.6,24.2,1.1,3.0,180.0,6.0,107.17471793452405,15.630626819176896,76.86143872174148,66.40344169818975,25.046485215654222
147.31,0.97,1.1,15.36,3.03,2.0,202.0,6.0,19.345196019427284,15.552150692012376,51.76167234991114,40.23278220160505,49.78787902465205
1109.0,1.43,4.2,22.1,1.3,2.0,350.0,6.0,112.44718901415129,10.076534623477183,76.65048026653523,46.93842417420182,53.675455279268284
156.9,1.0,1.3,12.3,3.2,0.5,263.0,6.0,17.326480546429316,5.954785550242257,64.88766611652925,76.55527704322,22.954924899186533
1036.0,1.38,2.6,24.2,1.1,20.0,118.0,6.0,104.41586866053764,101.36501380476754,24.84746523410418,28.39255334574533,63.96592387604453
678.73,1.05,2.97,8.21,26.56,2.5,176.26,6.0,71.34289108745425,15.267540599225702,37.98094974881289,53.89595066784778,70.7781553985314
851.3,1.99,6.46,9.2,0.48,50.0,78.0,6.0,86.026551866633,251.58498860497883,60.01474635133149,54.1732714206905,33.217460548283945
198.0,0.98,1.3,11.9,0.2,1.0,239.0,6.0,20.80865550541303,4.623539944457136,33.21716804092922,23.49878280438581,56.57373601825294
248.8,1.04,2.52,9.36,3.2,5.0,276.0,6.0,28.21054446460232,28.296899162760155,43.546817989499225,36.88818608104269,45.630777375442705
85.76,1.06,1.1266666666666667,31.49,1.43,5.0,150.0,6.0,10.768587451572284,27.88929490395522,24.23274645873695,35.57590990270493,21.90964868137196
2276.6,0.85,5.05,6.8,0.23,5.0,253.13,6.0,230.51089775290757,27.997229914529807,22.088977518887628,39.7921727330084,58.53943162118422
260.0,0.99,1.5,11.5,0.3,3.0,218.0,6.0,29.266685826820503,16.66457455885888,67.02502258055182,34.71044720117297,66.25799175519452
361.1,1.0,0.3,14.2,2.39,1.0,298.0,6.0,37.470020174956716,5.692099272695981,47.97168246256618,48.055589926550326,45.31766461967958
278.3,0.98,6.8,9.2,1.16,1.0,175.0,6.0,29.78704208556324,6.93678818397709,55.411917092331315,70.27293572292564,55.62757712987872
571.0,1.28,9.5,11.81,8.3,0.2,276.0,6.0,58.78226589240111,4.661065486469831,47.98797120627471,41.78165970381959,45.833243616724275
710.0,1.35,1.1,18.8,1.3,10.0,38.0,6.0,73.06816789519074,51.22443972672813,62.42865742131701,58.43506099682525,62.90600563877874
438.7,1.27,5.03,4.76,3.7099999999999995,10.0,289.0,2.0,47.9593782906934,53.469643051897464,38.67186249321836,52.232276777231256,37.46768913496813
649.0,1.02,4.12,8.21,26.56,1.0,190.0,6.0,65.4306357373233,6.282055223111316,44.85926766872839,77.27434785592702,21.42043084653153
193.5,1.05,6.586666666666666,11.89,0.20000000000000004,1.0,215.0,1.0,17.566223000483856,8.755518339461435,72.41241228889596,65.658573086575,71.61677889237961
710.0,0.98,1.1,15.1,1.3,0.2,206.0,6.0,76.50696342603628,4.940866289692964,28.57300124032916,80.06269649599443,67.26694276539617
155.99,1.03,1.35,16.9,2.5333333333333337,3.0,227.0,6.0,17.608742823064137,15.986336495402032,51.704499469738806,69.65028836820645,31.200268967384698
366.0,1.11,2.27,9.18,2.39,2.0,310.0,6.0,37.05609707503653,12.875893748403332,35.654214947225256,56.698772421385314,30.40831123819208
166.0,1.0,8.2,21.88,2.5333333333333337,1.0,176.87,6.0,19.55093541677901,5.999339302092589,55.52400209742206,61.399038358468,59.451522812274774
830.0,0.97,8.4,9.2,1.3,0.5,216.0,6.0,84.42737135489608,5.360716843106129,64.25156107788884,50.624892429994524,47.536434553160056
308.8,1.01,1.46,11.94,1.14,1.0,352.0,6.0,31.731342192011482,8.385507698130432,71.11983438240783,62.94712120819103,62.68891658000128
215.0,1.26,1.39,10.47,0.6999999999999998,10.0,37.5,6.0,22.33878486358953,55.181499468869,63.78175064228647,73.17358501818757,51.505113661339756
108.6,0.95,5.32,5.53,0.8433333333333333,2.0,120.0,2.0,13.31741246711529,11.607346692277835,54.61532504699053,15.513271394188333,56.06812269243631
462.1,0.54,1.87,7.68,3.7099999999999995,1.0,222.0,6.0,48.02373168092087,6.56011893571621,35.901124426939866,45.308154860614984,30.577690721428713
227.05,1.21,8.7,15.24,0.3,20.0,48.0,6.0,23.25505245342514,102.92846385627956,61.803273737278886,68.98886933952416,36.87187069588866
2217.6,0.85,5.05,7.4,0.23,5.0,246.88,6.0,224.4955114910614,28.806529080326495,30.50896745136914,39.836095411967236,62.12517415228638
198.0,0.98,1.3,11.9,0.2,10.0,180.0,6.0,21.859075772658755,55.02368486598838,28.535259230921277,36.883388388507576,41.7475422561728
244.0,1.04,1.32,3.68,3.2000000000000006,1.0,270.0,1.0,27.204755164421435,8.82574164089235,42.823194430135274,64.44504663280529,32.25132609054966
438.7,1.27,5.03,4.76,3.7099999999999995,5.0,286.0,1.0,44.12087106773419,30.530155676177532,72.94697848317824,35.16708978011179,25.32474938447503
1790.3,0.85,5.483333333333333,4.07,1.13,0.5,241.0,6.0,181.69141950621085,8.309091029879424,75.31782416320742,60.00264165927434,26.12537161043367
1569.0,0.84,6.25,6.8933333333333335,0.87,20.0,262.0,1.0,158.91148486036374,100.43089540401495,45.657617679438005,58.71190713746678,52.44574366352431
178.6,1.04,8.08,13.36,1.2,20.0,163.5,6.0,18.712527268575467,101.9621995911503,73.23369396935776,51.505206454083606,36.73649404940534
407.0,0.77,2.46,6.85,3.7099999999999995,0.1,229.0,6.0,41.550343144333276,9.84194954658036,59.53879986026687,92.3126375435189,49.88628184668492
1824.6,0.85,5.483333333333333,7.1,1.13,5.0,215.63,6.0,181.72380529766414,29.040081229141734,38.24023773043106,60.57794389097018,54.72491930562572
1122.5,0.85,4.2,5.7,1.3,0.5,240.63,6.0,117.1310785189515,6.852921464723247,93.66062808811766,39.2988492117203,56.317119717202814
502.0,0.54,4.96,14.02,8.3,1.0,210.0,6.0,54.057333978326994,11.473549913953422,54.629647585686484,37.6166495599516,36.35241605297507
193.5,1.05,6.586666666666666,11.89,0.20000000000000004,20.0,171.0,1.0,21.003607880646978,102.73912053243335,52.82357778382262,41.482981149671396,34.34794479891737
388.0,1.0600000000000003,4.44,5.51,2.01,4.0,300.0,1.0,39.153983002794995,22.393803493151854,26.823623903025343,32.21594507864668,36.73810104562611
530.0,1.28,5.133333333333334,16.2,8.3,0.5,209.0,6.0,54.066216031548336,4.886468447945991,70.96866404589291,16.102482986439533,43.50127684082547
284.8,1.27,10.28,27.56,3.86,5.0,142.0,6.0,30.755643646588684,25.134529020131783,61.01860222267494,51.61204335459556,42.461171986326704
193.5,1.05,6.586666666666666,11.89,0.20000000000000004,10.0,175.0,1.0,21.549482033881798,50.685965438368264,63.497067086115955,48.700313682068355,49.383354368721854
1385.6,0.85,1.6000000000000003,6.5,0.36999999999999994,10.0,228.13,6.0,142.09165429828928,55.06881977296304,46.60343734162511,59.26520986694888,77.04919867428286
274.44,1.76,1.66,12.91,2.8033333333333332,1.0,306.0,0.25,28.44649419815917,4.722385385755644,33.34487073939486,59.81693285389809,41.23649898977111
1569.0,0.84,6.25,6.8933333333333335,0.87,15.0,265.0,1.0,160.56487795166063,79.12801707014762,45.502335108017554,64.37165426344362,44.408990605259994
438.7,1.27,5.03,4.76,3.7099999999999995,10.0,253.0,1.0,47.30867759039671,53.42299402546376,58.87223177723123,34.96864865638293,54.34919879101125
85.0,1.0,3.08,9.26,1.43,2.0,89.0,6.0,9.634572395750665,12.885060963069211,72.1195403814219,39.252446757481536,76.30513908650767
257.8,1.08,1.52,8.75,1.91,0.5,320.0,6.0,27.697113000579378,9.039842776393467,85.07298576423955,65.28735346987337,77.75447059400786
267.1,0.85,3.74,17.6,3.47,0.5,129.0,6.0,30.145446924010045,5.775379651806695,49.476878570904105,50.159724672957175,69.49163389551174
1385.6,0.85,1.6000000000000003,6.5,0.36999999999999994,0.5,262.5,6.0,141.26460155247636,7.140643594522843,42.38424693274789,67.33506338377138,56.92572562797846
462.1,0.54,1.87,7.68,3.7099999999999995,0.1,279.0,6.0,47.870031919794734,3.5661795022775205,53.100218827817095,52.75486889514449,32.74537579202753
1630.9,1.93,6.283333333333334,6.35,2.37,10.0,156.0,6.0,163.47485319358339,55.79579252217347,68.39386619553392,61.05680296613175,48.148415947527326
173.0,0.92,8.2,20.4,1.2,2.0,108.0,1.0,23.046717162295913,14.439967460286331,59.62285993489735,50.2161538856502,67.89042303460828
147.31,0.97,1.1,15.36,3.03,3.0,192.0,6.0,16.680753932307148,20.65002810577363,68.21523034114692,39.788117808564195,56.22905576000602
370.4,1.32,4.8,7.76,2.01,20.0,201.0,1.0,39.77732983158992,105.10951585036057,50.536576077432876,64.65313570512629,81.25689379251342
129.2,1.33,4.25,11.2,2.69,10.0,200.0,1.0,12.70111186605632,51.748885929781494,44.47204698592706,67.07696602378388,25.009003071300683
353.1,0.46,1.1,7.23,2.39,2.0,148.0,6.0,38.03692984407835,13.836796022618385,62.77541674692231,41.49832482106204,19.860099750263917
396.0,1.03,2.4,16.0,3.7099999999999995,20.0,50.0,6.0,44.60686846237604,104.86081699222223,26.637543069982065,82.91561245018553,52.30576106354633
710.0,1.35,1.1,18.8,1.3,1.0,150.0,6.0,72.02477546855197,6.0707871515874725,50.61806073560002,53.678766571686324,36.68425872328049
354.0,0.6433333333333333,13.4,9.4,2.39,5.0,220.0,6.0,39.218772561171455,27.27680143843676,35.03985257707186,62.79282293461906,38.532312409302854
462.1,0.54,1.87,7.68,3.7099999999999995,0.5,276.0,6.0,49.128856532411156,3.791677478371291,51.3213115298921,48.14828442452751,33.81451570149651
162.4,1.87,1.3166666666666667,15.34,2.5333333333333337,0.5,40.0,6.0,15.239843354833585,6.3452572434176515,65.25441868406317,69.0819627881497,31.885922605919735
180.71,1.31,8.08,18.18,2.2,1.0,175.0,6.0,19.84972665749202,8.43901911158609,81.10988575344241,75.63182627232773,32.278542273504314
175.9,1.14,9.69,6.36,1.2,2.0,316.7,6.0,17.824869225400132,10.518750800887545,62.267132140960435,43.33888229181122,27.234091990757822
96.78,1.3,0.9333333333333332,19.69,0.8433333333333333,1.0,205.0,6.0,9.628806959925111,7.953153789957096,61.986973184637556,52.687407706882745,57.833950189240745
108.6,0.95,5.32,5.53,0.8433333333333333,5.0,110.0,2.0,14.469958554725569,27.419205798392266,55.12642317276345,41.13836533646044,15.306808137684268
147.31,0.97,1.1,15.36,3.03,10.0,178.0,6.0,17.857574623047874,53.09026803086402,45.662390680375744,53.286627984398656,33.76758188773327
1484.0,0.84,5.74,6.993333333333333,0.3866666666666667,0.2,262.5,1.0,153.5284130397206,5.625348084218085,67.41568413971353,52.05801731154161,45.22663930517826
85.76,1.06,1.1266666666666667,31.49,1.43,0.5,180.0,6.0,14.077875046525913,7.560876534831209,31.39537216576271,24.215421285910402,49.33599000312885
260.0,0.99,1.5,11.5,0.3,2.0,263.0,6.0,27.85168050316663,16.471757995371426,69.26155376515905,55.64983821076962,34.1766188992593
413.0,1.0966666666666667,7.3,10.73,3.7099999999999995,1.0,207.0,6.0,41.05250240267859,5.802858544889341,50.86371077185999,36.88379729696463,31.617779314152056
1919.1,1.96,5.05,3.24,0.64,0.3,234.0,6.0,190.19306296532096,5.562356733071391,28.247677525255728,33.281213066862,48.580294532008786
471.05,1.78,5.8500000000000005,28.41,3.7099999999999995,0.5,149.0,0.25,47.3133239559385,3.7858436226576706,42.56592997791756,31.785772583784823,40.92693084019914
388.0,1.0600000000000003,4.44,5.51,2.01,5.0,290.0,1.0,41.26666255797445,28.8820658145463,68.85794346698493,69.80471853896313,57.0177498442632
191.8,1.06,7.59,16.04,2.2,20.0,165.47,6.0,21.314388383772446,100.83028788107711,59.50143336188236,32.104478105583006,47.44278238408441
2276.6,0.85,5.05,6.8,0.23,1.0,268.75,6.0,229.66796418755345,11.341886065577715,46.155166025849624,40.46890145040828,48.49012992991243
267.1,0.85,3.74,17.6,3.47,1.0,125.0,6.0,28.48132833284244,7.5861105788854175,23.084637851857917,58.491701763048596,62.13569145203638
353.1,0.46,1.1,7.23,2.39,0.5,175.0,6.0,38.081582871350264,7.729924645894805,21.46581164706808,35.45314829805065,43.44888457771964
1109.0,1.43,4.2,22.1,1.3,20.0,280.0,6.0,113.04251553333842,101.29654160549282,53.251537244983595,12.316714016968344,27.530029345781337
1013.0,1.41,1.7,21.0,1.1,3.0,150.0,6.0,102.4445699372186,21.99591215950001,56.96402482411171,41.804326948655344,39.47011497409934
531.9,1.28,7.7,13.7,8.3,2.0,320.0,6.0,56.21543628186075,14.295935582019776,47.51017470603268,56.839781411620464,26.282753308544905
215.0,1.26,1.39,10.47,0.6999999999999998,0.4,61.6,6.0,23.443918093694208,9.7614907024395,47.01688154342425,67.27955709737694,43.12704260375773
710.0,1.35,1.1,18.8,1.3,5.0,50.0,6.0,69.88058029123023,26.475770976155005,36.98201169150211,31.66384747215842,62.00498179026944
462.1,0.54,1.87,7.68,3.7099999999999995,5.0,150.0,6.0,50.0274452303452,27.687952218005424,22.27834137695847,57.21652216333558,31.94846793344745
147.31,0.97,1.1,15.36,3.03,0.3,221.9,6.0,16.25882645610569,5.205633212988757,83.43769216301126,38.76418070023299,54.05781312487842
187.0,1.47,1.64,10.1,0.74,5.0,168.0,6.0,18.177363508296228,29.731305845631706,49.22843899733736,41.19063507587447,82.79795730135068
109.07,1.21,5.32,8.76,0.8433333333333333,4.0,300.0,6.0,13.702819731101778,25.785036898868544,39.33355184798692,43.16639628863921,34.234770488969815
1013.0,1.41,1.7,21.0,1.1,2.0,200.0,6.0,102.05238712641948,10.156160256719126,67.17799620729643,46.895522326162975,45.015201589493394
283.0,0.97,8.5,10.9,2.0166666666666666,1.0,168.0,1.0,29.734623092777937,7.571666687599832,71.14466539937646,66.92082870777668,53.75750052552686
38.7,1.17,1.23,9.39,2.1,0.5,203.9,6.0,4.775148210402952,3.9685956110438276,30.69538556819549,41.65937460153229,43.05094514184638
460.0,0.54,7.84,14.4,3.7099999999999995,0.2,286.0,6.0,47.94527865568012,4.603028114793532,82.76706552502496,57.34617200499406,64.00306245473742
1790.3,0.85,5.483333333333333,4.07,1.13,5.0,219.0,6.0,177.90559391200742,27.933361434309695,56.559461278822525,49.72361134214679,50.510742313454884
85.0,1.0,3.08,9.26,1.43,5.0,79.8,6.0,8.196913516589879,28.810408160645775,63.522254335132025,53.2094127816793,53.391509279777864
678.73,1.05,2.97,8.21,26.56,50.0,135.01,6.0,68.15217903971003,252.17923641268425,28.57280767670883,27.870856091293643,50.4326107483379
155.99,1.03,1.35,16.9,2.5333333333333337,0.3,257.5,6.0,15.981761286864888,5.1166624919186905,64.09779131780529,57.77061306354555,58.92440055695838
471.05,1.78,5.8500000000000005,28.41,3.7099999999999995,4.0,93.0,0.25,47.17937177217513,22.869023249711034,34.240697111290075,22.198515492949106,58.95168718957497
149.32,1.02,1.24,15.45,3.03,5.0,255.0,6.0,16.813447660497346,31.185541508834966,58.009174462571735,55.72533337705873,40.34785123095887
260.0,0.92,1.5,14.39,3.47,1.0,169.0,6.0,26.217135868831527,8.958190448196458,44.6080909358757,50.014158735554226,39.0399657281144
1824.6,0.85,5.483333333333333,7.1,1.13,1.0,228.13,6.0,185.2622437794033,3.3588114484185168,77.53014758234798,81.284060828365,38.106141392306014
1697.0,2.03,6.283333333333334,6.976666666666667,1.2,1.0,137.0,6.0,170.28441650277557,10.592299735055766,79.74270877719272,56.575252229064894,65.2067901828086
966.0,1.06,1.62,5.96,0.48,8.0,103.0,6.0,96.19704821064828,44.84759312062789,15.390451857475508,54.36255693658544,78.11359140999139
261.0,0.92,1.5,14.03,3.47,10.0,155.0,3.0,28.952672868953528,52.446354010452225,26.16569493421946,53.40314550054936,50.89268744871972
282.3,1.06,1.26,10.01,1.16,10.0,229.0,6.0,32.54599212385981,53.538048146352494,63.3280334541202,67.52935099872136,66.23846183593358
437.9,1.72,5.47,4.76,3.7099999999999995,20.0,118.0,6.0,45.9010875518968,103.53137594993247,55.667919070165425,23.236807600489513,78.83506978323837
1385.6,0.85,1.6000000000000003,6.5,0.36999999999999994,1.0,256.25,6.0,139.51385639104743,10.719897083358969,44.864589203983456,60.552925979754114,30.02170747072932
287.9,2.57,1.26,8.11,1.47,0.5,270.4,6.0,30.762245917854038,3.705198146196339,46.914967394116786,51.4547379297942,60.43509485695157
282.3,1.06,1.26,10.01,1.16,2.0,263.0,6.0,29.63952356853315,11.408998899893419,36.19869827138193,65.81269748791806,51.892106572368895
282.3,1.06,1.26,10.01,1.16,1.0,274.0,6.0,28.912855131061423,11.157730388832977,80.27744473510812,26.04334642027992,50.95223052016873
1066.9,0.85,2.6,6.7,1.1,1.0,212.6,6.0,106.74345148810187,7.3900727242911595,59.096977180705224,54.40326482002572,29.01503997112914
131.3,1.24,8.48,32.32,4.59,0.5,149.0,6.0,15.70012340933149,5.634984514481614,57.21302538703626,44.381792793004635,34.89769114680318
1697.0,2.03,6.283333333333334,6.976666666666667,1.2,2.5,131.0,6.0,171.5315644365081,16.3093909112286,34.25367575852656,79.0732221669951,50.11054637214879
544.0,1.28,8.47,11.77,8.3,0.2,289.0,6.0,53.75695028219611,3.7094510855904614,29.55742333287376,67.62915620018714,77.16808171109865
155.99,1.03,1.35,16.9,2.5333333333333337,10.0,208.0,6.0,17.579560396856532,51.41542667638771,41.43760679432725,49.11085578933793,23.19104008952609
156.9,1.0,1.3,12.3,3.2,10.0,147.0,6.0,15.275994290505034,50.96652270278046,53.6453141823903,79.77774507673752,43.08877283518853
537.0,1.28,5.133333333333334,21.6,8.3,10.0,246.0,6.0,54.52198365339418,57.69329406105312,34.430843706421875,33.38708084415499,39.514846298828026
308.8,1.01,1.46,11.94,1.14,2.0,325.0,6.0,32.82332121336186,12.269889566907485,52.07487589645205,56.095439191924555,49.945354694313465
37.9,1.18,1.36,9.39,2.43,0.5,195.5,6.0,5.0752696724175435,5.520698629132599,44.7029100660226,58.464073277434295,30.896955801441898
388.0,1.0600000000000003,4.44,5.51,2.01,2.0,370.0,1.0,40.25372572894983,14.44873700973993,50.99780922189351,43.05282745435091,57.3349636579156
1569.0,0.84,6.25,6.8933333333333335,0.87,0.2,325.0,1.0,162.00909742964856,1.896239794896652,93.12614726163038,56.9055441058497,23.117161686208156
649.0,1.02,4.12,8.21,26.56,0.5,199.5,6.0,66.00546161004978,8.124940734281992,40.05476623173747,74.14739716897337,45.04331980248069
180.71,1.31,8.08,18.18,2.2,6.0,154.9,6.0,20.345707846609674,35.03404198282649,58.18922538713812,16.423657294746686,62.9516825522331
676.0,1.02,2.97,8.21,26.56,2.0,450.0,6.0,69.02061605156112,12.007795332034876,35.708636924072785,65.00726924339968,37.40393730063109
710.0,0.98,1.1,15.1,1.3,5.0,176.0,6.0,72.42260603803085,29.945071578285074,41.753458467376575,34.803173723406424,19.760980895184716
2217.6,0.85,5.05,7.4,0.23,20.0,230.0,6.0,223.6872626043513,103.50499325415375,73.0610153514551,43.419566045893234,64.52345471591691
348.7,1.01,7.0,12.8,2.39,1.0,200.0,6.0,35.88159341717231,8.731697575833717,80.74407147681008,23.687376865105062,30.140001729946356
211.0,1.48,1.39,11.49,0.7,10.0,160.0,6.0,23.81012371548401,50.877555425108184,76.00042757313773,33.63291093033192,72.14904024996345
678.73,1.05,2.97,8.21,26.56,0.5,213.8,6.0,73.31308524594732,8.37009877357831,54.16097074738523,37.27288439668259,29.51531923452454
1866.0,2.01,5.483333333333333,7.099999999999999,0.97,5.0,112.5,6.0,186.16494506899213,29.76102239835422,45.04062840722018,26.64501831933199,36.486367458560295
198.0,0.98,1.3,11.9,0.2,3.0,201.0,6.0,19.978714635414825,16.935020161581864,64.5015245172473,20.830022243228093,33.191233113984126
187.0,1.09,7.59,19.27,2.2,5.0,138.0,6.0,20.038921294222916,29.87618508181129,68.46094763376058,43.124078710394315,54.83061276518517
106.3,1.01,5.32,12.88,0.8433333333333333,8.0,130.0,1.0,14.998391755533557,44.35676019768094,50.391151367154094,65.04067546044475,42.11004780270346
85.76,1.06,1.1266666666666667,31.49,1.43,0.3,184.9,6.0,9.900459322308818,1.697305413921379,67.64657091466529,54.44198417053171,34.55143417412668
108.6,0.95,5.32,5.53,0.8433333333333333,10.0,102.5,2.0,13.539549595761603,55.655565391915964,41.971982703121675,40.747454662177866,31.23599576265094
85.0,1.0,3.08,9.26,1.43,0.5,99.0,6.0,10.069009133119774,8.322344127779223,42.12680035382156,31.438882558995807,42.596113265361346
191.8,1.06,7.59,16.04,2.2,2.0,211.51,6.0,20.083761682282567,11.185399756949346,48.31389312921281,36.046381200069035,32.242582014736065
354.0,0.6433333333333333,13.4,9.4,2.39,0.2,239.0,6.0,36.842559600097466,8.028120309836936,68.29283705206987,34.90430019830409,63.64534997685856
193.5,1.05,6.586666666666666,11.89,0.20000000000000004,8.0,178.0,1.0,21.65089285867888,43.38572791110077,46.403779405859275,39.538693491317574,61.743079387657794
678.73,1.05,2.97,8.21,26.56,100.0,119.29,6.0,65.9392416430049,504.05788723683315,85.65883087988065,41.14944248786023,27.965170158340037
1122.5,0.85,4.2,5.7,1.3,20.0,200.0,6.0,113.01908318018538,100.54760761643396,62.28357542209066,46.73895424278842,34.343627667209034
96.78,1.3,0.9333333333333332,19.69,0.8433333333333333,0.4,225.7,6.0,10.85088854758322,3.7013241445392238,31.600939030313487,60.033119925161806,53.695369665108544
109.07,1.21,5.32,8.76,0.8433333333333333,10.0,280.0,6.0,11.609560238690948,53.03758358354852,98.94281845466561,45.05971860383538,37.94496740196571
278.5,0.38,3.106666666666667,3.04,1.16,0.1,170.0,6.0,31.064237501921657,5.470635017879734,73.0013980021686,50.82270665089128,72.17295118796336
1919.1,1.96,5.05,3.24,0.64,2.5,199.0,6.0,191.81291961396954,14.963254529581238,75.62671404921744,37.319954466704836,39.51019403086258
2217.6,0.85,5.05,7.4,0.23,10.0,231.25,6.0,226.23611860973642,51.16399046036191,3.828135374050237,51.291789068642025,55.52369248044891
96.78,1.3,0.9333333333333332,19.69,0.8433333333333333,4.0,179.3,6.0,9.087153228663073,18.99156856900217,54.51484719720729,43.45273014253394,45.21757483931257
1866.0,2.01,5.483333333333333,7.099999999999999,0.97,25.0,98.0,6.0,187.52311636186903,126.99918066539148,22.564322348785677,53.22111739112962,31.998561464447047
370.4,1.32,4.8,7.76,2.01,10.0,235.0,1.0,39.14683610109317,52.644373712593975,41.52768311870086,42.49952138431091,62.27998914303079
1122.5,0.85,4.2,5.7,1.3,5.0,215.63,6.0,117.84633979880219,27.39550053908986,58.368118672248286,32.791274634773075,31.926115090616317
287.0,1.32,8.45,2.36,1.2633333333333334,1.0,272.0,6.0,31.036481685489765,9.593344216729342,62.60052410677731,58.56991126624936,66.77375724306032
129.2,1.33,4.25,11.2,2.69,5.0,223.0,1.0,11.176739274288229,28.84183656835131,53.237946154442106,83.83488498119124,33.090067486197675
471.05,1.78,5.8500000000000005,28.41,3.7099999999999995,0.7,140.0,0.25,48.88022662253231,6.603640778964843,65.61830246753208,58.32251235540498,52.56859407668082
196.8,1.02,3.53,15.66,0.20000000000000004,0.5,305.0,6.0,24.234202398311343,5.401351859704855,29.633634332973067,49.788742997264094,65.9992160195657
259.5,1.25,4.88,6.79,2.08,10.0,85.0,6.0,27.070774949036196,52.197530580177634,35.263201866981746,61.20167822020897,48.21475284712967
166.0,1.0,8.2,21.88,2.5333333333333337,2.0,163.27,6.0,18.26224395587821,11.418953956333846,46.70186100398472,8.895303374546884,48.17038589652376
305.2,0.99,0.9,13.7,0.3,1.0,344.0,6.0,32.723892991300495,7.61364659690032,41.21572012431063,28.903061530831685,50.46240941606425
1066.9,0.85,2.6,6.7,1.1,2.0,203.13,6.0,108.99363777595218,15.057870985189709,24.882337852744335,24.27474473639982,65.20090747043308
261.0,0.92,1.5,14.03,3.47,5.0,285.0,3.0,28.284941848376366,29.920095482299857,46.36281781767707,53.93629700065802,44.30699608162944
710.0,1.35,1.1,18.8,1.3,3.0,62.0,6.0,72.70614905559567,17.57495391045938,42.37714486412573,29.90584159676273,48.80136237073278
96.78,1.3,0.9333333333333332,19.69,0.8433333333333333,8.0,162.7,6.0,10.164800158209488,41.90857605196444,61.61811290246517,72.35585406745308,44.804690996188306
305.2,0.99,0.9,13.7,0.3,10.0,249.0,6.0,32.27211740539599,53.06561749522742,58.6875910696022,23.997880148766654,56.66920218772221
71.5,1.3,1.8333333333333333,21.13,1.43,0.4,260.5,6.0,10.783569773176618,2.3632082607105316,27.232514944305375,24.29410922837024,60.46853586255989
410.2,1.03,2.19,9.14,3.71,0.5,448.0,6.0,41.473102737454866,4.864913812139601,17.868095952217434,58.54619220221214,43.83534925217398
322.4,1.03,6.400000000000001,13.4,0.1,1.0,238.0,6.0,31.208022462479704,7.187856407480336,55.8277032099992,35.924633454392534,37.660129971450004
1697.0,2.03,6.283333333333334,6.976666666666667,1.2,5.0,126.0,6.0,171.40067016602205,27.09183927496879,46.24429505696947,40.15592296360533,30.82720705189339
649.0,1.02,4.12,8.21,26.56,2.0,174.0,6.0,68.00439177742244,11.202115687068929,22.03320931186907,61.69718687423109,32.56637194812617
1630.9,1.93,6.283333333333334,6.35,2.37,0.5,153.0,6.0,166.96700317098347,5.7928815409564995,37.155561639641114,73.28887848680719,44.6290887037727
407.0,0.77,2.46,6.85,3.7099999999999995,1.0,180.0,6.0,44.2393785680747,5.30317382448776,35.05262723970361,70.2761308660934,41.36210577060296
260.0,0.99,1.5,11.5,0.3,1.0,309.0,6.0,28.893914990797633,8.936770468554103,44.30453634110811,52.982701054664396,63.444078483841466
1919.1,1.96,5.05,3.24,0.64,1.0,207.0,6.0,191.7763811729373,5.454883729935366,52.596634416794686,74.2989920010235,55.24369038855155
166.0,1.0,8.2,21.88,2.5333333333333337,0.5,200.0,6.0,17.166239734546597,5.7094280588665685,80.04462764453977,66.17457825584802,40.449503752704054
1639.0,1.93,6.25,6.349999999999999,0.87,10.0,118.0,6.0,163.76776524621354,50.61002638946268,49.23645695789428,57.93996521717785,61.27858239660997
1630.9,1.93,6.283333333333334,6.35,2.37,2.5,160.0,6.0,166.4714915590562,15.23173443446316,63.29002819768251,46.56642806079275,47.57192619444867
227.05,1.21,8.7,15.24,0.3,10.0,51.0,6.0,25.310173383288664,49.77824319310013,44.5119831998439,85.2077294945544,60.51799024341221
267.1,0.85,3.74,17.6,3.47,5.0,87.5,6.0,31.544081780378704,29.50798293395696,38.05022504658167,59.766787629287904,67.07784006072664
269.4,2.17,10.28,35.15,11.25,0.5,181.5,6.0,29.76904468852845,2.7804385489923726,95.95887756631294,51.98689596313645,13.427595874554438
257.8,1.08,1.52,8.75,1.91,10.0,224.0,6.0,28.382098645018402,54.460703580754036,35.443692794097075,6.56930740651499,39.76448614116675
248.8,1.04,2.52,9.36,3.2,0.5,340.0,6.0,28.368131210388643,6.723854385462316,28.711845622130298,49.00442121918247,53.21877535732461
149.32,1.02,1.24,15.45,3.03,3.0,261.0,6.0,16.7746398427806,20.942643912284677,73.01952609687359,66.03368988771632,71.64990502160887
260.0,0.99,1.5,11.5,0.3,0.5,431.0,6.0,26.356859753388207,4.1840979104776626,61.59457167516362,66.07991261998316,50.74409754434151
308.8,1.01,1.46,11.94,1.14,0.5,378.0,6.0,31.853867766927344,3.6617731102601123,55.492154259621664,62.198432086687866,50.93780177543502
287.0,1.32,8.45,2.36,1.2633333333333334,5.0,210.0,6.0,29.36578411414034,26.68414781492641,33.0855071026363,37.50912025630276,32.90641700895062
354.0,0.6433333333333333,13.4,9.4,2.39,2.0,228.0,6.0,38.868685723661,13.71900879914202,60.35723556528624,75.03731320497359,62.65696463077024
305.2,0.99,0.9,13.7,0.3,2.0,280.0,6.0,32.86375980694806,14.511480577789085,53.95648632244632,38.8777262644983,35.7256094815617
354.0,0.6433333333333333,13.4,9.4,2.39,0.5,235.0,6.0,35.05639567476503,4.687393739109875,36.48693951623066,81.27379173483926,63.48128528611278
444.5,0.84,2.39,4.76,3.7099999999999995,30.0,150.0,6.0,48.14809506223702,152.2290204792488,41.6448355330898,84.44638340578301,59.72064878340159
278.5,0.38,3.106666666666667,3.04,1.16,2.0,125.0,6.0,33.087383961124296,9.448224000076342,58.68457757672356,42.56008329600318,8.96522294477295
215.0,1.26,1.39,10.47,0.6999999999999998,8.0,38.5,6.0,23.969512461766325,41.93459441604089,38.98104466533897,62.75956379031574,56.376580501429046
284.8,1.27,10.28,27.56,3.86,0.5,161.0,6.0,31.567371755987025,2.640017482629103,78.47019311677192,34.58262738067609,56.800644815343695
1697.0,2.03,6.283333333333334,6.976666666666667,1.2,10.0,121.5,6.0,170.54790279413672,54.125979437172255,50.25683031577249,39.98606534418341,78.77434007033355
95.9,1.08,0.92,19.69,0.82,50.0,100.0,6.0,13.001310007349792,251.02399611501252,40.50578557438383,33.29057737091713,27.13601882939045
267.1,0.85,3.74,17.6,3.47,10.0,69.0,6.0,29.97175166028879,55.13063098419599,36.08469006757968,68.2934501016398,70.71078867066578
407.0,0.77,2.46,6.85,3.7099999999999995,5.0,136.0,6.0,44.2078472051465,27.398432247047946,91.02397528803553,29.009747391885078,62.49280472426454
39.05,1.02,4.16,9.39,2.2100000000000004,10.0,203.0,6.0,4.2772963168598395,56.16964105469803,67.31033378962348,63.65263308414941,26.108895914376145
2095.0,0.41,5.05,8.94,0.23,1.5,529.0,1.0,211.02395363619146,14.951888663476517,68.28942683613933,76.13780609838133,47.10361206013467
530.0,1.28,5.133333333333334,16.2,8.3,1.0,199.0,6.0,54.13103899393927,6.2719100177952605,77.64972537809442,48.1730131704654,27.33421489782411
1790.3,0.85,5.483333333333333,4.07,1.13,2.5,223.0,6.0,182.6701136953029,15.16048341219503,70.41082876088431,24.572422658468337,47.340295482397124
530.0,1.28,0.0,16.2,8.3,20.0,142.0,6.0,55.08939225244733,103.86621590630268,62.14049949811325,60.931914383959445,66.32667021843899
462.1,0.54,1.87,7.68,3.7099999999999995,10.0,124.0,6.0,49.1393078587692,55.09818637584002,63.14078020779929,47.857311480132694,66.54212989376731
2276.6,0.85,5.05,6.8,0.23,2.0,259.38,6.0,229.74017172230967,12.887733959102485,47.6279009858501,50.55438210401407,61.260663279742765
196.8,1.02,7.71,16.01,0.20000000000000004,10.0,226.72,6.0,19.10919232398446,56.42461044268659,59.88368060168305,21.149352090096773,67.61831134057343
887.0,0.85,3.4,9.2,0.48,1.0,286.0,6.0,92.78043602109159,7.865448782154036,38.42727375702991,79.43576515774798,30.786831751890364
437.9,1.72,5.47,4.76,3.7099999999999995,5.0,138.0,6.0,43.60240773690424,24.866010578276796,52.81210619019772,29.869340217022675,50.90004449194313
211.0,1.48,1.39,11.49,0.7,2.0,196.0,6.0,22.28900737428236,11.243619314379854,61.15474716803005,25.420741846460988,34.85783423560116
147.31,0.97,1.1,15.36,3.03,5.0,188.0,6.0,15.837732694004728,28.41066512755592,20.5755715311566,70.20916857155468,51.0802366841618
1934.7,1.1866666666666668,5.05,3.86,0.64,5.0,177.0,6.0,191.8476196421601,30.442769918918398,38.40117455067482,47.31469087582182,20.925307939508308
180.71,1.31,8.08,18.18,2.2,10.0,143.75,6.0,19.347888251019295,53.79217316991312,18.25604173674831,56.184931395624346,27.251276783043785
1484.0,0.84,5.74,6.993333333333333,0.3866666666666667,15.0,153.0,1.0,152.0030669874131,76.36841691601205,99.33684755001588,39.811796019489584,13.168394760002354
257.8,1.08,1.52,8.75,1.91,20.0,200.0,6.0,27.75663657920207,105.20915694714296,36.93785081225602,33.41499512464211,59.88903022281074
129.2,1.33,4.25,11.2,2.69,15.0,193.0,1.0,13.58063991761516,79.98427365703701,57.57362971676306,34.69437324285615,73.11006529892627
244.0,1.04,1.32,3.68,3.2000000000000006,6.0,130.0,1.0,23.91684127085162,34.111925359419594,40.010760458207926,23.96771424875413,47.50637196891898
710.0,1.35,1.1,18.8,1.3,2.0,102.0,6.0,71.89052894232424,13.119789366232553,58.74121952360102,49.19669082426184,29.546030361021252
1630.9,1.93,6.283333333333334,6.35,2.37,0.3,183.0,6.0,164.6167284299441,3.9564568670186064,56.012180264278236,41.15644100998466,79.93544144130962
85.76,1.06,1.1266666666666667,31.49,1.43,10.0,130.0,6.0,11.496430519629941,52.472125302814625,43.76197366459464,39.57267511525018,62.464348404662836
283.0,0.97,8.5,10.9,2.0166666666666666,2.0,160.0,1.0,30.32463759201305,12.001966724011634,60.063328230637005,57.69196750924677,44.96356344411092
710.0,1.35,1.1,18.8,1.3,20.0,25.0,6.0,73.57083653575131,104.87279708710491,54.505377746630515,48.22976855372253,48.54899684186607
1790.3,0.85,5.483333333333333,4.07,1.13,10.0,214.0,6.0,179.34546624019364,53.478291161307574,52.90102517771457,42.02174322883429,21.75608471306789
530.0,1.28,5.133333333333334,16.2,8.3,2.0,190.0,6.0,55.77853744751527,12.235949102099234,43.32367775389694,48.26603201112225,43.72653616706094
106.3,1.01,5.32,12.88,0.8433333333333333,20.0,118.0,1.0,14.338295955571358,106.26319485506454,9.815514886865053,41.04276400051895,49.934667894963056
71.5,1.3,1.8333333333333333,21.13,1.43,1.0,224.0,6.0,8.399009773888071,7.258591993559093,29.547863213526878,56.49349814214913,37.36857147257624
1790.3,0.85,5.483333333333333,4.07,1.13,0.3,257.0,6.0,180.2749155197989,4.243516051944596,68.07919190999736,58.28670880851381,51.17828884638643
149.32,1.02,1.24,15.45,3.03,1.0,277.0,6.0,14.99392374130367,7.480846036331921,51.24340868483024,37.004911482964225,61.1290142307881
260.0,0.99,1.5,11.5,0.3,10.0,193.0,6.0,31.353853923921037,51.294828305658704,59.932332183312425,54.98015079884607,31.640291132957643
257.8,1.08,1.52,8.75,1.91,2.0,251.0,6.0,27.036649051090016,13.75582020347695,44.35674195678144,64.41439389753089,63.475802423923746
244.0,1.04,1.32,3.68,3.2000000000000006,8.0,120.0,1.0,27.044920713092598,44.78494777466306,33.038307221982954,61.278915705303966,84.15683695960603
238.0,0.96,8.7,11.2,0.3,1.0,113.0,1.0,24.56676666183376,7.796605450890257,47.012608280501546,38.80401246179729,55.79035975764583
966.0,1.06,1.62,5.96,0.48,1.0,194.0,6.0,98.29467629798322,6.795336292834276,20.229845218249586,31.344608685116803,29.057264076915427
193.5,1.05,6.586666666666666,11.89,0.20000000000000004,2.0,200.0,1.0,23.17706790193243,13.479734211790557,53.00905672947385,62.627331645954285,35.71421231327503
238.0,0.96,8.7,11.2,0.3,2.0,105.0,1.0,27.611524432143778,13.038558769026155,52.622137631131864,43.59959998662696,60.22225146345815
131.3,1.24,8.48,32.32,4.59,10.0,124.0,6.0,14.84841605145967,53.830801252342255,27.990425905643356,38.85091506007921,57.29373681039422
287.0,1.32,8.45,2.36,1.2633333333333334,0.5,320.0,6.0,31.379782246593322,6.880858048766098,69.09329050451912,47.887938811204144,60.09559541294015
398.8,1.12,10.1,10.6,3.7099999999999995,1.0,272.0,6.0,41.40356162331146,8.517432880459491,54.45844977061527,72.23718981137384,59.3244724668605
278.5,0.38,3.106666666666667,3.04,1.16,5.0,102.0,6.0,31.902257667219295,31.338501612753937,58.38985017757179,33.45976375636852,24.323622263997652
80.0,1.13,1.21,9.26,1.7,50.0,125.63,6.0,11.972578845030545,252.7340231553808,68.30914493410754,37.792208463377236,10.08599402137742
1934.7,1.1866666666666668,5.05,3.86,0.64,25.0,171.0,6.0,195.00953183143366,128.11034270956046,72.21452262364765,43.45102327387177,35.03122358749242
444.5,0.84,1.86,4.76,3.7099999999999995,1.0,280.0,6.0,46.709750031081235,6.393717225316744,26.50746745089754,58.46319467297418,45.04938153668674
173.0,0.92,8.2,20.4,1.2,1.0,120.0,1.0,20.42454715533816,8.049224250495824,78.73538392389534,35.70127274995516,67.79040083438642
322.4,1.03,6.400000000000001,13.4,0.1,3.0,210.0,6.0,35.32836205254537,18.05081041677003,55.344768939850994,77.07061332300049,54.87668625998785
191.8,1.06,7.59,16.04,2.2,10.0,179.86,6.0,21.760439226208437,50.80500669045951,42.05170667615275,60.764958203196876,33.592216209471715
444.5,0.84,1.86,4.76,3.7099999999999995,10.0,222.0,6.0,49.37280574085875,52.071324617129015,79.12964114960063,31.03961123936677,54.489023594704534
388.0,1.0600000000000003,4.44,5.51,2.01,6.0,285.0,1.0,39.35631458360563,33.35758573146636,91.73125431257671,42.03804870537297,45.42499374236698
410.2,1.11,10.0,9.3,3.7099999999999995,1.0,282.0,6.0,41.28496711121372,7.850664043497701,50.14545533555468,34.806745882017914,55.37793711919388
1109.0,1.43,4.2,22.1,1.3,1.0,420.0,6.0,115.70973929203898,7.191935412298125,51.143732052690304,44.417188233350714,78.00163132770466
85.76,1.06,1.1266666666666667,31.49,1.43,1.0,172.0,6.0,9.03197626591768,3.9053527738840765,57.76698319096256,69.18319619092019,58.356764277288015
1639.0,1.93,6.25,6.349999999999999,0.87,1.0,124.5,6.0,160.59378541780012,9.23291862525231,54.395782733082434,68.65441548777457,26.00110953381967
80.0,1.13,1.21,9.26,1.7,0.5,212.5,6.0,10.430357261309084,9.009972307484118,39.15011556117979,48.907374657723366,48.79716882901723
85.0,1.0,3.08,9.26,1.43,3.0,83.0,6.0,7.2648952716633595,17.21756589565197,50.337994893977566,48.922716097331836,52.725429343149145
238.0,0.99,1.6,10.7,0.3,3.0,171.0,6.0,27.55848939383067,16.324643916184108,68.26215689653667,67.69642816898113,21.099271698176754
263.5,1.03,7.9,10.2,3.47,1.0,228.0,6.0,27.08662737550671,13.518710228043165,70.33027851321374,36.12807479490596,53.002671686710414
187.0,1.47,1.64,10.1,0.74,0.5,202.0,6.0,22.10549734717468,5.270449350458404,76.51996603897989,63.16026718971412,57.061856151017466
131.3,1.24,8.48,32.32,4.59,1.0,142.0,6.0,13.567081979399411,8.032676168225786,45.88071508045366,52.18123084989061,39.19169567211074
460.0,0.54,7.84,14.4,3.7099999999999995,1.0,222.0,6.0,50.44297601062044,6.90100290739192,43.45131948520162,64.75025353428575,50.74904933627538
1934.7,1.1866666666666668,5.05,3.86,0.64,0.3,208.0,6.0,193.40368251810827,6.149114439128473,69.2275847923197,21.784579642507193,53.5767342346419
407.0,0.77,2.46,6.85,3.7099999999999995,10.0,110.0,6.0,43.124390262742494,51.678782812046016,64.432930137313,38.45713223439676,68.57427746705531
106.3,1.01,5.32,12.88,0.8433333333333333,15.0,123.0,1.0,12.055245860267203,78.65413241824204,58.6715541884377,59.50801372084975,20.14204747051604
278.5,0.38,3.106666666666667,3.04,1.16,0.5,160.0,6.0,30.721092707780855,7.033839339322398,36.717093091154666,78.3220783612553,49.34801312622436
38.7,1.17,1.23,9.39,2.1,50.0,124.8,6.0,5.592548189508494,254.11157392816574,42.435504503467726,26.41134243713341,31.38569219573794
166.0,1.0,8.2,21.88,2.5333333333333337,10.0,142.86,6.0,19.84999477246763,52.165045300229934,51.91494040854402,26.36620802428995,53.26808231175879
324.6,1.17,6.4,13.69,2.66,0.5,198.0,6.0,33.7037037180498,6.714223343832092,41.36534529151194,50.72441076965431,55.61975160228214
175.9,1.14,9.69,6.36,1.2,5.0,305.3,6.0,19.435103849542582,28.444926328017214,54.28528599112521,73.6565913870164,44.45468816719792
710.0,0.98,1.1,15.1,1.3,10.0,160.0,6.0,73.84022221066019,57.26773649440908,45.887856736422194,34.56129698850755,45.326975956670985
187.0,1.09,7.59,19.27,2.2,10.0,94.0,6.0,19.687243583456976,53.59346634498823,61.80469024182311,69.72330674775527,48.23507599299485
180.71,1.31,8.08,18.18,2.2,0.4,195.9,6.0,18.121051723816386,3.174433011729416,35.98064864497057,46.13171407675872,27.140174859531957
710.0,0.98,1.1,15.1,1.3,0.5,203.0,6.0,73.05461427250903,6.1228941431083115,33.952572299468194,63.346058543095495,47.66003160220993
726.4,1.69,4.05,18.8,1.3,5.0,164.0,6.0,74.73019275436167,28.607207808924002,69.72381536032184,52.02616001946664,28.08081378950827
1639.0,1.93,6.25,6.349999999999999,0.87,2.5,121.5,6.0,164.8336884575032,15.882901744047823,47.37574018365382,66.45237676413319,16.12799424318094
353.1,0.46,1.1,7.23,2.39,0.1,219.0,6.0,34.75409539319078,4.7163128552012825,23.896834110368392,29.942924110930328,39.706338366194124
471.05,1.78,5.8500000000000005,28.41,3.7099999999999995,5.0,87.0,0.25,49.247001419515954,29.326516179358347,63.479978084257645,48.18572027306364,54.052439080476674
370.4,1.32,4.8,7.76,2.01,5.0,260.0,1.0,36.17965571644161,27.289942537889253,78.53185492877301,43.13382563319181,53.13162636108275
353.1,0.46,1.1,7.23,2.39,1.0,162.0,6.0,37.70083956870945,10.866705005763983,56.5649692265039,55.507275105651495,29.586984544127045
444.5,0.84,2.39,4.76,3.7099999999999995,1.0,187.0,6.0,49.51872604558439,7.226258306298707,44.52930195239277,48.10774362072337,23.22757448712318
462.1,0.54,1.87,7.68,3.7099999999999995,2.0,180.0,6.0,46.59864083031062,11.212851195371618,70.6335728592509,65.68855943426999,39.46458479817739
178.6,1.04,8.08,13.36,1.2,0.5,241.1,6.0,18.445733893473772,6.58154717060078,49.52891885215998,48.44665101356842,22.268223189976833
1697.0,2.03,6.283333333333334,6.976666666666667,1.2,25.0,110.0,6.0,168.5473559823748,128.5056070108383,61.465093141212506,36.08578237862343,39.61514776350209
85.76,1.06,1.1266666666666667,31.49,1.43,2.0,165.0,6.0,10.418075448982519,10.54675668120677,47.79434686952699,52.60961954081354,47.59059827433691
396.0,1.03,2.4,16.0,3.7099999999999995,1.0,140.0,6.0,41.805633130566996,6.948718813796121,56.241244047562276,53.5794439443313,29.79400269779688
366.0,1.11,2.27,9.18,2.39,20.0,258.0,6.0,42.64533607884537,108.052736480712,55.265514996990966,21.69393210828502,49.20624243525266
175.9,1.14,9.69,6.36,1.2,20.0,286.3,6.0,20.877749142380996,103.19675581363096,70.09903583064944,59.185467827241865,55.1340119948693
1484.0,0.84,5.74,6.993333333333333,0.3866666666666667,20.0,137.5,1.0,149.35216147241795,101.98496479668529,62.28407876924542,51.8424852337772,58.289626266708204
649.0,1.02,4.12,8.21,26.56,20.0,151.0,6.0,67.00821873853758,101.34007080492408,31.82607883384311,63.44332916328465,53.054246439539874
284.8,1.27,10.28,27.56,3.86,0.2,167.0,6.0,28.755057304022483,1.9370350793694846,24.490384868467885,64.2387916215074,40.572862708434016
366.0,1.11,2.27,9.18,2.39,10.0,280.0,6.0,40.54803295848933,50.00864096748597,82.65075881892729,31.95475056249693,39.74199113995547
282.3,1.06,1.26,10.01,1.16,0.5,327.0,6.0,31.820158243174156,5.438127485452082,28.657535166722795,51.56766194181532,54.10529960966311
388.0,1.0600000000000003,4.44,5.51,2.01,10.0,250.0,1.0,40.47181212975858,53.48157501948388,34.028500641025516,74.87337157205855,60.6304022682527
155.99,1.03,1.35,16.9,2.5333333333333337,1.0,239.0,6.0,17.09468028622809,7.376047784167574,56.51270647154449,64.94588083363287,46.66585657018685
283.0,0.97,8.5,10.9,2.0166666666666666,5.0,147.0,1.0,32.99701408247405,28.0427024476871,43.82903760271034,35.1811219947754,31.787186569055756
280.0,2.32,1.26,15.07,3.42,0.5,253.2,6.0,29.39009147941453,5.399831811430356,26.700402314699737,55.0321190047759,52.042143395058154
361.1,1.0,0.3,14.2,2.39,3.0,240.0,6.0,38.83407506939215,15.293222283704573,47.315389400922854,49.676949915696916,54.19127461513031
149.32,1.02,1.24,15.45,3.03,0.5,288.0,6.0,15.012612292895874,4.947134309968326,49.890154408521155,46.01813911435062,20.974092931548597
324.6,1.17,6.4,13.69,2.66,1.0,185.0,6.0,31.10483807174916,5.903659186349054,55.78421020669116,37.59938338451676,38.161698758431505
248.8,1.04,2.52,9.36,3.2,2.0,298.0,6.0,25.10584672175475,13.953796737844446,44.30465956631232,49.92919170218004,16.424586862516307
155.99,1.03,1.35,16.9,2.5333333333333337,5.0,222.0,6.0,17.241669211415143,31.363153432534656,57.66674843707428,33.45404263498,51.19410535369922
851.3,1.99,6.46,9.2,0.48,20.0,88.0,6.0,87.20388622492241,104.34114090062182,20.906264823128293,74.73396058716986,41.94024251188721
267.1,0.85,3.74,17.6,3.47,0.1,131.0,6.0,26.77519795065492,1.9925910676387983,70.22718988307926,50.94745830111815,62.53480730459931
260.0,0.99,1.5,11.5,0.3,5.0,206.0,6.0,29.3442562309456,31.363843480146276,31.655715033877993,40.726193611932715,26.097556187109213
531.9,1.28,7.7,13.7,8.3,10.0,239.0,6.0,54.33204351276781,50.57119723408148,27.193381630370446,44.05458052472201,60.596507442489276
252.0,1.51,1.96,13.22,0.97,2.0,242.0,6.0,24.466592403997378,13.101908554022579,33.74815327768655,40.77438991812485,65.18386478595284
361.1,1.0,0.3,14.2,2.39,2.0,250.0,6.0,37.395707785974935,12.304076288158308,57.78497458656861,51.30459317265952,52.556073241230344
1569.0,0.84,6.25,6.8933333333333335,0.87,10.0,270.0,1.0,160.3476845936946,48.5093567032572,49.439423071311545,51.21984198475912,41.84747324088966
94.8,1.1,0.96,19.69,0.89,0.5,189.4,6.0,12.054638296733444,3.1447420750347383,57.114959708500166,38.50103491541292,55.76488605985703
259.5,1.25,4.88,6.79,2.08,5.0,95.0,6.0,28.097007643826736,26.025426613084694,40.862448773073396,59.960040660400836,59.62333681002946
1335.0,1.13,1.6,4.62,0.37,0.5,203.0,6.0,133.13134841353732,5.2348639706925635,20.36526599599158,53.05503709745644,53.26503439643546
244.0,1.04,1.32,3.68,3.2000000000000006,2.0,175.0,1.0,27.428971697594395,12.603202206359908,56.772766841103156,54.58668516325342,60.80936972130477
191.8,1.06,7.59,16.04,2.2,0.5,278.3,6.0,21.283945827760284,5.956106650248135,51.67884800371618,18.14960414770612,70.8560976700006
305.2,0.99,0.9,13.7,0.3,0.5,566.0,6.0,30.31780447833306,6.312830987352412,54.750128891658996,56.901090992564185,43.37514506274513
1866.0,2.01,5.483333333333333,7.099999999999999,0.97,1.0,119.0,6.0,188.45908987634223,6.2440587669282595,53.51636342139997,43.719370750783625,48.540172005985404
366.0,1.11,2.27,9.18,2.39,0.5,381.0,6.0,38.53244405900965,8.034823309637314,60.88626148475283,83.9914521486519,33.86327887062702
676.0,1.02,2.97,8.21,26.56,15.0,301.0,6.0,69.91705578290855,81.1385192290718,97.52714224941856,36.86215294660085,53.97267088655468
37.9,1.18,1.36,9.39,2.43,50.0,118.8,6.0,8.501895592719013,254.4400675186833,59.31832552193742,50.89086784251399,61.01773662998574
413.0,1.0966666666666667,7.3,10.73,3.7099999999999995,0.2,281.0,6.0,40.69946570328616,6.078192880756785,53.958554500302384,30.110989177384365,44.865850454256666
131.3,1.24,8.48,32.32,4.59,0.2,158.0,6.0,14.841338797269163,4.762832508418342,51.25821575584016,50.783979303033576,29.470113042835248
1036.0,1.38,2.6,24.2,1.1,1.0,280.0,6.0,106.27126575171317,11.64544720025592,92.09621265360883,28.698728387846238,30.354586461388834
109.07,1.21,5.32,8.76,0.8433333333333333,1.0,359.0,6.0,10.073389383493202,10.247810611228878,47.879004656842,40.37665386267349,63.80337206101705
71.5,1.3,1.8333333333333333,21.13,1.43,10.0,178.0,6.0,11.906163092847684,53.19579229082525,61.71924917609255,31.24768292540355,49.50876950699774
444.5,0.84,2.51,4.76,3.7099999999999995,30.0,112.0,6.0,45.57281778283887,155.4866387689103,35.70680533151114,68.99130180913166,62.39372040363448
1790.3,0.85,5.483333333333333,4.07,1.13,1.0,234.0,6.0,178.74317267675838,11.03751867392716,21.09972659777896,42.3874518235226,44.075104944403336
129.2,1.33,4.25,11.2,2.69,8.0,205.0,1.0,14.753501272557864,43.49320437252267,55.999299427983196,72.06138158049556,26.7145683063927
851.3,1.99,6.46,9.2,0.48,1.0,114.0,6.0,86.38674583741152,11.392363145656322,80.7576246478207,46.20279377141462,66.12149435183778
175.9,1.14,9.69,6.36,1.2,1.0,323.8,6.0,18.97115652601847,8.41969895584611,54.539099208595374,47.11989799987207,66.41342241016466
227.05,1.21,8.7,15.24,0.3,0.4,105.0,6.0,24.07667025768919,7.248838369020737,44.79612852377061,24.404887425417762,45.63986212956356
71.5,1.3,1.8333333333333333,21.13,1.43,20.0,155.0,6.0,8.21552172737252,102.10366927463858,39.45511285332963,52.183403718998896,35.162196715209774
271.1,2.18,1.66,25.01,7.92,0.5,209.3,6.0,28.623413917887277,5.417198376884065,49.04522960388582,49.661674751383046,20.762788182801092
227.05,1.21,8.7,15.24,0.3,6.0,54.0,6.0,24.01332859568761,27.330890989450594,29.006788640459856,71.6749605029856,42.353970924009644
1109.0,1.43,4.2,22.1,1.3,10.0,285.0,6.0,114.91756558136869,53.38062311518788,84.38602022013285,45.33440304897784,65.72414515442306
438.7,1.27,5.03,4.76,3.7099999999999995,20.0,230.0,2.0,48.57083376404588,107.26430682114089,48.88893869497167,61.36869759763809,41.31388154154683
285.1,1.0,0.7,14.9,0.2,0.5,385.0,6.0,30.410679133619574,5.542124042684128,31.55629425199653,58.32675952047233,47.34994902778695
85.0,1.0,3.08,9.26,1.43,20.0,67.0,6.0,8.943424990857324,103.99610480936572,57.80650565777501,43.69338561810239,49.59054544740153
678.73,1.05,2.97,8.21,26.56,0.25,281.02,6.0,69.69149947575428,4.801201347968113,51.97187812645291,47.67352038846663,7.471138545113635
410.2,1.03,2.19,9.14,3.71,2.0,372.0,6.0,42.436269932883356,12.865731690770957,45.34276612845226,62.21200741518161,18.780025569545135
2217.6,0.85,5.05,7.4,0.23,0.5,250.0,6.0,225.1365565877205,6.432332852068061,71.18071323437351,39.464135288673255,76.27479763176667
1824.6,0.85,5.483333333333333,7.1,1.13,20.0,200.0,6.0,184.929523453656,103.89942420046398,62.413722955087025,47.32729288957666,28.014961152959437
1066.9,0.85,2.6,6.7,1.1,10.0,195.0,6.0,111.2241688215377,51.79868488468442,27.696336090851965,44.97131499280833,8.942064375953015
274.4,2.19,1.66,15.34,3.83,0.5,237.0,6.0,29.850288235671226,3.984258279149668,50.645166271154714,63.85114494782049,51.08010342433641
437.9,1.72,5.47,4.76,3.7099999999999995,50.0,109.0,6.0,45.49201024305879,254.4462009874756,68.36431392970087,52.31585058190804,31.276487424556592
322.4,1.03,6.400000000000001,13.4,0.1,0.5,282.0,6.0,36.55472681673706,2.2140694129387817,43.44780956145076,59.09771877870921,25.830626037741226
257.8,1.08,1.52,8.75,1.91,1.0,265.0,6.0,26.820170549792493,7.663571554465852,59.03450095127765,42.923921806511835,55.28010288585928
1934.7,1.1866666666666668,5.05,3.86,0.64,0.5,195.0,6.0,196.15003541236476,5.93435926527656,46.746235935338206,43.4962897059937,31.1120918174365
39.05,1.02,4.16,9.39,2.2100000000000004,5.0,215.0,6.0,4.997162405405753,24.074535981718498,48.01999768391286,40.55299538413105,32.097107605317674
710.0,0.98,1.1,15.1,1.3,3.0,183.0,6.0,72.59902733645092,17.260397667392393,66.05439967036752,53.61646380623878,8.585054692312356
1888.0,1.86,5.483333333333333,3.24,0.9700000000000001,1.0,125.5,6.0,189.80057564509502,9.741923564343239,53.151939696996344,66.31816117299329,41.99629052697695
108.6,0.95,5.32,5.53,0.8433333333333333,20.0,90.0,2.0,14.064859752287921,102.7974370275652,38.268092283108835,52.85139836256235,53.82733666693874
96.78,1.3,0.9333333333333332,19.69,0.8433333333333333,10.0,159.0,6.0,12.088353746788894,49.230828310041105,37.57316014457682,17.039855264724796,50.035322447595725
322.4,1.03,6.400000000000001,13.4,0.1,5.0,201.0,6.0,33.356844461671656,30.308368060988037,61.55465624709353,51.545874588853316,27.99578603201457
1934.7,1.1866666666666668,5.05,3.86,0.64,2.5,180.0,6.0,195.7651769414777,17.028994906067066,56.17133438167824,53.30328112108873,26.152509762491363
287.0,1.32,8.45,2.36,1.2633333333333334,10.0,192.0,6.0,28.355312789297635,54.937765277126104,52.144851630177484,78.50469174420185,53.61958973630764
1934.7,1.1866666666666668,5.05,3.86,0.64,10.0,172.0,6.0,197.2393058462905,53.41338102341601,49.54390954563994,69.36696630188335,46.01490129112453
649.0,1.02,4.12,8.21,26.56,5.0,162.0,6.0,66.29870124472399,27.15067339513427,3.3903759239038744,71.12156292722874,56.56956943998923
259.5,1.25,4.88,6.79,2.08,0.2,132.0,6.0,27.0487214362344,3.19740438973298,25.313970573180548,55.500567983499934,48.064509810528136
106.3,1.01,5.32,12.88,0.8433333333333333,5.0,140.0,1.0,12.35797025519467,29.872258296622164,24.11007280981059,51.33028999360391,38.08291185804218
71.5,1.3,1.8333333333333333,21.13,1.43,6.0,194.0,6.0,6.8499730942315376,30.47386330179545,42.82349180166045,49.59823356022701,54.201919061990694
109.07,1.21,5.32,8.76,0.8433333333333333,3.0,315.0,6.0,13.969853611599055,16.979940920488765,39.897488503711905,56.689514398893195,55.21339852569822
1790.3,0.85,5.483333333333333,4.07,1.13,25.0,210.0,6.0,180.96065473885002,131.29700802053637,37.65358708662527,41.67977404504903,59.670003019595
1738.0,0.89,6.35,8.23,0.31,1.0,364.0,1.0,175.96251081340162,8.660070229020624,0.0,31.747334934019012,40.33570745512655
196.8,1.02,7.71,16.01,0.20000000000000004,1.0,285.5,6.0,21.231852376864204,8.323118534476336,60.570003634784634,47.71063658477173,34.06691922988444
1109.0,1.43,4.2,22.1,1.3,5.0,305.0,6.0,111.57492522832341,28.735089792044537,49.923305979545546,39.323186181168026,37.18011745419157
354.0,0.6433333333333333,13.4,9.4,2.39,1.0,231.0,6.0,37.10151627898808,7.7128409765673585,28.442816884269032,44.14427017120831,31.419758198558455
178.6,1.04,8.08,13.36,1.2,2.0,200.0,6.0,21.63565279998636,9.642623274342686,64.33278292728687,43.47189670982838,25.35573684362275
211.0,1.48,1.39,11.49,0.7,5.0,174.0,6.0,23.80530812660528,29.398760967175633,14.7403915069649,4.711328876373257,44.5851166102669
1919.1,1.96,5.05,3.24,0.64,0.5,218.0,6.0,194.71795823395206,5.656422362184304,53.19482035154647,66.4216889689731,42.801374772185255
830.0,0.97,8.4,9.2,1.3,10.0,176.0,6.0,85.69572760333261,52.34866106235965,35.17808827307497,59.90497565703584,58.02083438014701
1122.5,0.85,4.2,5.7,1.3,10.0,206.25,6.0,117.28633698522495,52.24970576667743,60.42836670391013,64.4089304481228,25.523421124559196
193.5,1.05,6.586666666666666,11.89,0.20000000000000004,5.0,185.0,1.0,20.45714436299225,28.317917348251285,20.262105284761756,68.16586065836613,53.667906619174396
444.5,0.84,1.86,4.76,3.7099999999999995,20.0,200.0,6.0,46.88436813905543,105.04358117117735,35.632502442520064,66.43966542704311,25.245450088288706
166.0,1.0,8.2,21.88,2.5333333333333337,20.0,132.65,6.0,19.921779733731803,100.90895088586107,27.1833902138702,48.43583121107755,37.09691911074896
966.0,1.06,1.62,5.96,0.48,0.5,261.0,6.0,100.29052026849871,3.470348184531118,66.89941328773908,51.825546194959344,10.8308537221213
96.78,1.3,0.9333333333333332,19.69,0.8433333333333333,2.0,192.5,6.0,12.674235533747867,15.158389456224977,43.29427241691006,47.04933314658009,45.310657403084974
1824.6,0.85,5.483333333333333,7.1,1.13,2.0,225.0,6.0,183.36332137855484,13.634321252585378,81.27784706630399,45.65012562359532,41.02458432396779
238.0,0.99,1.6,10.7,0.3,1.0,211.0,6.0,25.355227243086333,7.977708776316318,55.3646794081188,99.99999999999999,56.76860899029514
851.3,1.99,6.46,9.2,0.48,5.0,102.0,6.0,85.38523088243167,27.970284593290593,43.763987385275186,54.82485310103286,69.64765001704801
1066.9,0.85,2.6,6.7,1.1,5.0,196.88,6.0,108.64422422496126,27.85542598487999,92.30035591430061,74.68498031952076,8.263546977639889
106.3,1.01,5.32,12.88,0.8433333333333333,1.0,160.0,1.0,13.041220073365253,7.088349304401262,53.56264882901734,54.069782833039994,0.0
361.1,1.0,0.3,14.2,2.39,0.5,371.0,6.0,36.07390863652621,0.3344067340601109,68.38729112690525,78.45754481783122,41.75113148538659
366.0,1.11,2.27,9.18,2.39,1.0,321.0,6.0,38.93176148363576,8.998996466937319,45.701193811149246,50.35794881042645,44.986640707386144
244.0,1.04,1.32,3.68,3.2000000000000006,4.0,150.0,1.0,26.153644485754043,20.70477811031373,70.53886460776093,41.88721589611115,28.994089065985136
1036.0,1.38,2.6,24.2,1.1,5.0,140.0,6.0,106.39272724680218,29.92138679692132,23.59868671181077,56.43332769771453,28.866793545929372
278.5,0.38,3.106666666666667,3.04,1.16,1.0,150.0,6.0,32.78799229114866,8.805251062260071,77.48573142320703,60.99892796678606,38.9300275843777
191.8,1.06,7.59,16.04,2.2,1.0,234.53,6.0,20.89198734922727,11.34797141402142,48.95469518359381,70.80783585013228,45.00249155857378
257.8,1.08,1.52,8.75,1.91,3.0,247.0,6.0,26.280937187068954,20.64871749999168,60.98467674274246,58.30232782323234,37.71239498332084
437.9,1.72,5.47,4.76,3.7099999999999995,1.0,156.0,6.0,45.836010068992465,8.07953346917299,44.251665673967366,32.66573899645743,18.39531402635343
227.05,1.21,8.7,15.24,0.3,1.0,68.7,6.0,23.39628057693332,9.510791391326677,58.39537305157484,48.9884864323912,66.92759287189492
471.05,1.78,5.8500000000000005,28.41,3.7099999999999995,1.0,135.0,0.25,47.69381804993826,7.537796784814007,47.50248453075205,58.12091038252952,48.64251876249813
726.4,1.69,4.05,18.8,1.3,1.0,178.0,6.0,75.12744213551865,4.35148668812434,60.8248594022117,30.715906977410047,28.035456380674884
593.0,1.02,10.09,13.86,8.3,0.2,326.0,6.0,61.73915472174847,3.213693610491774,70.21330857373043,30.78227305359941,21.259062907389453
1934.7,1.1866666666666668,5.05,3.86,0.64,1.0,189.0,6.0,195.06809147857754,5.037508075605404,59.83063664944371,44.45365964685629,71.99227004545207
227.05,1.21,8.7,15.24,0.3,4.0,56.0,6.0,24.882139213380633,21.687072650056937,35.90131164774107,43.35232459291253,81.72451577907516
2217.6,0.85,5.05,7.4,0.23,2.0,256.25,6.0,224.66079484911813,12.092391917895998,46.763605482649545,56.112299160177955,40.99759127265793
308.8,1.01,1.46,11.94,1.14,10.0,292.0,6.0,34.66095388315976,52.88282689773228,55.09116146259689,63.27730752140609,47.40280122720329
71.5,1.3,1.8333333333333333,21.13,1.43,4.0,200.6,6.0,7.407170552399362,21.134518178411245,51.267014620113095,51.05895720733992,47.61698473640941
366.0,1.11,2.27,9.18,2.39,5.0,297.0,6.0,40.25142650733056,29.408222044283164,96.61457255728773,69.11163346456627,43.0491594863685
244.0,1.04,1.32,3.68,3.2000000000000006,5.0,145.0,1.0,27.784268368121175,27.283771849040285,62.06336972640022,57.59965629580834,27.753717244622262
198.0,0.98,1.3,11.9,0.2,0.5,298.0,6.0,21.99624761889146,5.447615525311499,70.0097189272645,72.60741956660705,10.679839676027399
830.0,0.97,8.4,9.2,1.3,5.0,200.0,6.0,85.10146937920783,26.303358954389534,35.07005681002872,49.507613575644825,56.889367731781086
96.78,1.3,0.9333333333333332,19.69,0.8433333333333333,20.0,138.0,6.0,10.741792293646691,99.10859383367209,55.597743020957964,52.21555865811971,29.24119418988907
537.0,1.28,5.133333333333334,21.6,8.3,5.0,283.0,6.0,56.224401692708874,26.390492518724262,74.58119453371647,80.24258376200872,35.58268990796575
85.76,1.06,1.1266666666666667,31.49,1.43,3.0,158.0,6.0,12.327337043904043,19.93489230010047,32.358594396179576,24.967717644687642,30.335977793143947
211.0,1.48,1.39,11.49,0.7,0.5,204.0,6.0,21.9043180452804,4.237248023101222,39.72516465136092,74.94718796553502,50.19419449285094
259.5,1.25,4.88,6.79,2.08,0.5,118.0,6.0,26.356755210961847,4.866689409895786,43.8325562928551,49.63045916440451,22.962977121552054
324.6,1.17,6.4,13.69,2.66,0.2,208.0,6.0,37.43856534222719,5.87749375136462,64.34823510454981,76.08370998511833,26.800927789605982
373.0,1.32,6.36,15.91,2.01,1.0,193.0,6.0,39.60643447319161,8.45168095720538,60.80818534741662,40.410378440398546,39.52093932845816
396.0,1.03,2.4,16.0,3.7099999999999995,3.0,113.0,6.0,41.81910024940318,16.39700622921125,34.74862793640706,62.537713163975205,12.953323313862024
238.0,0.99,1.6,10.7,0.3,2.0,182.0,6.0,25.54993123363611,13.022997799740125,35.54330730523343,55.23885162109248,40.374297455812304
410.2,1.03,2.19,9.14,3.71,10.0,300.0,6.0,45.98729808072548,54.042607496551426,68.19706185594416,62.52807907017191,55.680173952224735
129.2,1.33,4.25,11.2,2.69,2.0,260.0,1.0,16.669768685976646,12.848699058823154,42.97002452837612,83.40558499285768,55.62665202574561
178.6,1.04,8.08,13.36,1.2,5.0,183.21,6.0,18.250154521059407,29.402082682330196,76.1870341256773,41.261174021704456,9.892736953167416
274.44,1.76,1.66,12.91,2.8033333333333332,3.0,249.0,0.25,30.838705314452366,19.463317854060787,50.94813245002361,40.771077109071804,23.144870981125326
